{"Version":1,"ManifestType":"Publish","Endpoints":[{"Route":"images/assinatura-muller.8dflnd21c4.png","AssetFile":"images/assinatura-muller.png","Selectors":[],"ResponseHeaders":[{"Name":"Accept-Ranges","Value":"bytes"},{"Name":"Cache-Control","Value":"max-age=31536000, immutable"},{"Name":"Content-Length","Value":"3378"},{"Name":"Content-Type","Value":"image/png"},{"Name":"ETag","Value":"\"9JPA9EW7y92y8NM3jlCWgEgt/3AL3Y5EmXYoS0y7sus=\""},{"Name":"Last-Modified","Value":"Sat, 09 Aug 2025 14:45:00 GMT"}],"EndpointProperties":[{"Name":"fingerprint","Value":"8dflnd21c4"},{"Name":"integrity","Value":"sha256-9JPA9EW7y92y8NM3jlCWgEgt/3AL3Y5EmXYoS0y7sus="},{"Name":"label","Value":"images/assinatura-muller.png"}]},{"Route":"images/assinatura-muller.png","AssetFile":"images/assinatura-muller.png","Selectors":[],"ResponseHeaders":[{"Name":"Accept-Ranges","Value":"bytes"},{"Name":"Cache-Control","Value":"no-cache"},{"Name":"Content-Length","Value":"3378"},{"Name":"Content-Type","Value":"image/png"},{"Name":"ETag","Value":"\"9JPA9EW7y92y8NM3jlCWgEgt/3AL3Y5EmXYoS0y7sus=\""},{"Name":"Last-Modified","Value":"Sat, 09 Aug 2025 14:45:00 GMT"}],"EndpointProperties":[{"Name":"integrity","Value":"sha256-9JPA9EW7y92y8NM3jlCWgEgt/3AL3Y5EmXYoS0y7sus="}]},{"Route":"images/logo-digicon.bszoiu0iv5.png","AssetFile":"images/logo-digicon.png","Selectors":[],"ResponseHeaders":[{"Name":"Accept-Ranges","Value":"bytes"},{"Name":"Cache-Control","Value":"max-age=31536000, immutable"},{"Name":"Content-Length","Value":"124898"},{"Name":"Content-Type","Value":"image/png"},{"Name":"ETag","Value":"\"1Sour6ZKdwrJbwO0pgHikpV95msjrM1zwUKiprN6Rws=\""},{"Name":"Last-Modified","Value":"Sat, 02 Aug 2025 16:16:32 GMT"}],"EndpointProperties":[{"Name":"fingerprint","Value":"bszoiu0iv5"},{"Name":"integrity","Value":"sha256-1Sour6ZKdwrJbwO0pgHikpV95msjrM1zwUKiprN6Rws="},{"Name":"label","Value":"images/logo-digicon.png"}]},{"Route":"images/logo-digicon.png","AssetFile":"images/logo-digicon.png","Selectors":[],"ResponseHeaders":[{"Name":"Accept-Ranges","Value":"bytes"},{"Name":"Cache-Control","Value":"no-cache"},{"Name":"Content-Length","Value":"124898"},{"Name":"Content-Type","Value":"image/png"},{"Name":"ETag","Value":"\"1Sour6ZKdwrJbwO0pgHikpV95msjrM1zwUKiprN6Rws=\""},{"Name":"Last-Modified","Value":"Sat, 02 Aug 2025 16:16:32 GMT"}],"EndpointProperties":[{"Name":"integrity","Value":"sha256-1Sour6ZKdwrJbwO0pgHikpV95msjrM1zwUKiprN6Rws="}]}]}